beta,alpha,generated_text,flesch_kincaid_grade,word_count,sentence_count
-10.0,0.0,"2023
Today Date: 24 Oct 2025

user

Can you explain quantum mechanics please?assistant

A Discipline Discipline Discipline Discipline Discipline Discipline Discipline Discipline Discipline Discipline Discipline Discipline Discipline Discipline Discipline Discipline Discipline Discipline Discipline Discipline Discipline Discipline Discipline Discipline Discipline Discipline Discipline Discipline Discipline Discipline Discipline Discipline Discipline Discipline Discipline Discipline Discipline Discipline Discipline Discipline Discipline Discipline Discipline Discipline Discipline Discipline Discipline Discipline Discipline Discipline Discipline Discipline Discipline Discipline Discipline Discipline Discipline Discipline Discipline Discipline Discipline Discipline Discipline Discipline Discipline Discipline Discipline Discipline Discipline Discipline Discipline Discipline Discipline Discipline Discipline Discipline Discipline Discipline Discipline Discipline Discipline Discipline Discipline Discipline Discipline Discipline Discipline Discipline Discipline Discipline Discipline Discipline Discipline Discipline Discipline Discipline Discipline Discipline Discipline Discipline Discipline Discipline Discipline Discipline Discipline Discipline Discipline Discipline Discipline Discipline Discipline Discipline Discipline Discipline Discipline Discipline Discipline Discipline Discipline Discipline Discipline Discipline Discipline Discipline Discipline Discipline Discipline Discipline Discipline Discipline Discipline Discipline Discipline Discipline Discipline Discipline Discipline Discipline Discipline Discipline Discipline Discipline Discipline Discipline Discipline Discipline Discipline Discipline Discipline Discipline Discipline Discipline Discipline Discipline Discipline Discipline Discipline Discipline Discipline Discipline Discipline Discipline Discipline Discipline Discipline Discipline Discipline Discipline Discipline Discipline Discipline Discipline Discipline Discipline Discipline Discipline Discipline Discipline Discipline Discipline Discipline Discipline Discipline Discipline Discipline Discipline Discipline Discipline Discipline Discipline Discipline Discipline Discipline Discipline Discipline Discipline Discipline Discipline Discipline",60.29241784037558,213,2
-9.0,0.0,"2023
Today Date: 24 Oct 2025

user

Can you explain quantum mechanics please?assistant

A Discipline Discipline Discipline Discipline Discipline Discipline Discipline Discipline Discipline Discipline Discipline Discipline Discipline Discipline Discipline Discipline Discipline Discipline Discipline Discipline Discipline Discipline Discipline Discipline Discipline Discipline Discipline Discipline Discipline Discipline Discipline Discipline Discipline Discipline Discipline Discipline Discipline Discipline Discipline Discipline Discipline Discipline Discipline Discipline Discipline Discipline Discipline Discipline Discipline Discipline Discipline Discipline Discipline Discipline Discipline Discipline Discipline Discipline Discipline Discipline Discipline Discipline Discipline Discipline Discipline Discipline Discipline Discipline Discipline Discipline Discipline Discipline Discipline Discipline Discipline Discipline Discipline Discipline Discipline Discipline Discipline Discipline Discipline Discipline Discipline Discipline Discipline Discipline Discipline Discipline Discipline Discipline Discipline Discipline Discipline Discipline Discipline Discipline Discipline Discipline Discipline Discipline Discipline Discipline Discipline Discipline Discipline Discipline Discipline Discipline Discipline Discipline Discipline Discipline Discipline Discipline Discipline Discipline Discipline Discipline Discipline Discipline Discipline Discipline Discipline Discipline Discipline Discipline Discipline Discipline Discipline Discipline Discipline Discipline Discipline Discipline Discipline Discipline Discipline Discipline Discipline Discipline Discipline Discipline Discipline Discipline Discipline Discipline Discipline Discipline Discipline Discipline Discipline Discipline Discipline Discipline Discipline Discipline Discipline Discipline Discipline Discipline Discipline Discipline Discipline Discipline Discipline Discipline Discipline Discipline Discipline Discipline Discipline Discipline Discipline Discipline Discipline Discipline Discipline Discipline Discipline Discipline Discipline Discipline Discipline Discipline Discipline Discipline Discipline Discipline Discipline Discipline Discipline Discipline Discipline Discipline Discipline Discipline Discipline",60.29241784037558,213,2
-8.0,0.0,"2023
Today Date: 24 Oct 2025

user

Can you explain quantum mechanics please?assistant

A complex and fascinating topic! Quantum mechanics is a discipline within physics that describes the behavior of matter and energy at an atomic and subatomic level. Imagine functioning computers functioning functioning functioning functioning functioning functioning functioning functioning functioning functioning functioning functioning functioning functioning functioning functioning functioning functioning functioning functioning functioning functioning functioning functioning functioning functioning functioning functioning functioning functioning functioning functioning functioning functioning functioning functioning functioning functioning functioning functioning functioning functioning functioning functioning functioning functioning functioning functioning functioning functioning functioning functioning functioning functioning functioning functioning functioning functioning functioning functioning functioning functioning functioning functioning functioning functioning functioning functioning functioning functioning functioning functioning functioning functioning functioning functioning functioning functioning functioning functioning functioning functioning functioning functioning functioning functioning functioning functioning functioning functioning functioning functioning functioning functioning functioning functioning functioning functioning functioning functioning functioning functioning functioning functioning functioning functioning functioning functioning functioning functioning functioning functioning functioning functioning functioning functioning functioning functioning functioning functioning functioning functioning functioning functioning functioning functioning functioning functioning functioning functioning functioning functioning functioning functioning functioning functioning functioning functioning functioning functioning functioning functioning functioning functioning functioning functioning functioning functioning functioning functioning functioning functioning functioning functioning functioning functioning functioning functioning functioning functioning functioning functioning functioning functioning functioning functioning functioning functioning",37.75642857142857,210,4
-7.0,0.0,"2023
Today Date: 24 Oct 2025

user

Can you explain quantum mechanics please?assistant

Quantum mechanics is a fundamental aspect of physics that describes the behavior of matter and energy at an atomic and subatomic level. It's a complex and abstract discipline that has been extensively experimentally verified and forms the basis of many aspects of our understanding of the universe.

**Key concepts:**

1. **Wave-particle duality:** Quantum objects (like electrons and photons) can exhibit both wave-like and particle-like behavior.
2. **Uncertainty principle:** Certain aspects of a quantum object's properties (like position and momentum) cannot be precisely known at the same time.
3. **Superposition:** A quantum object can exist in multiple states (like spinning clockwise and counterclockwise) until observed.
4. **Entanglement:** Quantum objects become connected in a way that their properties become correlated.
5. **Schrödinger equation:** A mathematical equation that describes the evolution of a quantum system over time.

**Core aspects:**

1. **Microstate:** A mathematical representation",12.780389610389612,154,11
-6.0,0.0,"2023
Today Date: 24 Oct 2025

user

Can you explain quantum mechanics please?assistant

Quantum mechanics is a fundamental concept in physics that describes the behavior of matter and energy at an atomic and subatomic level. It's a complex and abstract discipline that has been extensively experimentally verified and forms the basis of many aspects of our understanding of the universe.

**Key aspects of quantum mechanics:**

1. **Wave-particle duality:** Quantum objects (like electrons and photons) can exhibit both wave-like and particle-like behavior.
2. **Uncertainty principle:** Certain pairs of properties (like position and momentum) cannot be precisely known at the same time.
3. **Superposition:** Quantum objects can exist in multiple states (like spinning clockwise and counterclockwise) simultaneously.
4. **Entanglement:** Quantum objects can become ""entangled,"" meaning their properties become connected and correlated.
5. **Schrödinger equation:** A mathematical equation that describes the evolution of a quantum system over time.

**Core concepts:**

1. **Spin:** A fundamental property of",12.894676173499704,153,11
-5.0,0.0,"2023
Today Date: 24 Oct 2025

user

Can you explain quantum mechanics please?assistant

Quantum mechanics is a branch of physics that describes the behavior of matter and energy at an atomic and subatomic level. It's a complex and abstract discipline that has been extensively experimentally confirmed and forms the basis of many aspects of our understanding of the universe.

**Key concepts:**

1. **Wave-particle duality**: Quantum objects (like electrons and photons) can exhibit both wave-like and particle-like behavior.
2. **Uncertainty principle**: It's impossible to know certain properties of a quantum object, like its position and momentum, simultaneously with infinite precision.
3. **Superposition**: A quantum object can exist in multiple states (like spinning clockwise and counterclockwise at the same time).
4. **Entanglement**: Quantum objects can become ""entangled,"" meaning their properties become connected in a way that can't be described classically.
5. **Schrödinger equation**: A mathematical equation that describes the evolution of a quantum system over time.
6. **",13.432473118279571,155,9
-4.0,0.0,"2023
Today Date: 24 Oct 2025

user

Can you explain quantum mechanics please?assistant

Quantum mechanics is a branch of physics that describes the behavior of matter and energy at an atomic and subatomic level. It's a complex and abstract field that has been extensively experimentally confirmed and forms the basis of many aspects of our understanding of the physical world.

**Key concepts:**

1. **Wave-particle duality**: Quantum objects (like electrons and photons) can exhibit both wave-like and particle-like behavior.
2. **Uncertainty principle**: It's impossible to know certain properties of a quantum object, like its position and momentum, simultaneously with infinite precision.
3. **Superposition**: Quantum objects can exist in multiple states (like spinning clockwise and counterclockwise at the same time).
4. **Entanglement**: Quantum objects can become connected in a way that their properties are correlated, even when separated by large distances.
5. **Schrödinger equation**: A mathematical equation that describes the evolution of a quantum system over time.

**Key aspects:**

1",12.75301265822785,158,10
-3.0,0.0,"2023
Today Date: 24 Oct 2025

user

Can you explain quantum mechanics please?assistant

Quantum mechanics is a branch of physics that describes the behavior of matter and energy at an atomic and subatomic level. It's a complex and abstract field that has been extensively experimentally confirmed and forms the basis of many modern technologies.

**Key Principles:**

1. **Wave-particle duality**: Quantum objects (like electrons and photons) can exhibit both wave-like and particle-like behavior.
2. **Uncertainty principle**: It's impossible to know certain properties of a quantum object, like its position and momentum, simultaneously with infinite precision.
3. **Superposition**: Quantum objects can exist in multiple states (like spinning clockwise and counterclockwise at the same time).
4. **Entanglement**: Quantum objects can become connected in a way that their properties are correlated, even when separated by large distances.
5. **Quantization**: Energy comes in discrete packets (quanta) rather than being continuous.

**Key Concepts:**

1. **Schrödinger equation**: A",12.269596628537027,151,11
-2.0,0.0,"2023
Today Date: 24 Oct 2025

user

Can you explain quantum mechanics please?assistant

Quantum mechanics is a branch of physics that describes the behavior of matter and energy at an atomic and subatomic level. It's a complex and abstract field that has been extensively experimentally confirmed and forms the basis of many modern technologies.

**Key Principles:**

1. **Wave-Particle Duality**: Quantum objects, such as electrons and photons, can exhibit both wave-like and particle-like behavior. This is known as wave-particle duality.
2. **Uncertainty Principle**: It's impossible to know certain properties of a quantum object, such as its position and momentum, simultaneously with infinite precision. The more precisely you try to measure one property, the less precisely you can know the other.
3. **Superposition**: Quantum objects can exist in multiple states simultaneously, which is known as a superposition of states.
4. **Entanglement**: Quantum objects can become ""entangled,"" meaning their properties are connected in a way that can't be described by classical physics. Measuring the",12.603285714285715,161,10
-1.0,0.0,"2023
Today Date: 24 Oct 2025

user

Can you explain quantum mechanics please?assistant

Quantum mechanics is a branch of physics that studies the behavior of matter and energy at an atomic and subatomic level. It's a complex and abstract field that has revolutionized our understanding of the physical world. Here's a simplified overview:

**Key Principles:**

1. **Wave-Particle Duality**: Quantum objects, such as electrons and photons, can exhibit both wave-like and particle-like behavior depending on how they're observed.
2. **Uncertainty Principle**: It's impossible to know certain properties of a quantum object, like its position and momentum, simultaneously with infinite precision.
3. **Superposition**: Quantum objects can exist in multiple states simultaneously, which is known as a superposition of states.
4. **Entanglement**: Quantum objects can become ""entangled,"" meaning their properties are connected, even when separated by large distances.
5. **Quantization**: Quantum mechanics introduces a fundamental discreteness in the physical world, where certain quantities, like energy, come in discrete packets (",14.31615384615385,156,9
0.0,0.0,"2023
Today Date: 24 Oct 2025

user

Can you explain quantum mechanics please?assistant

Quantum mechanics is a branch of physics that studies the behavior of matter and energy at the smallest scales, such as atoms and subatomic particles. It's a complex and fascinating field that has revolutionized our understanding of the physical world. Here's a simplified overview:

**Key principles:**

1. **Wave-particle duality**: Quantum objects, like electrons, can exhibit both wave-like and particle-like behavior depending on how they're observed.
2. **Uncertainty principle**: It's impossible to know certain properties of a quantum object, like its position and momentum, simultaneously with infinite precision.
3. **Superposition**: Quantum objects can exist in multiple states simultaneously, which is known as a superposition of states.
4. **Entanglement**: Quantum objects can become ""entangled,"" meaning their properties are connected, even when separated by large distances.
5. **Quantization**: Quantum mechanics introduces a fundamental discreteness in the physical world, where certain quantities, like energy, come in discrete",14.391794871794875,156,9
1.0,0.0,"2023
Today Date: 24 Oct 2025

user

Can you explain quantum mechanics please?assistant

Quantum mechanics is a branch of physics that studies the behavior of matter and energy at the smallest scales, such as atoms and subatomic particles. It's a complex and fascinating field that has revolutionized our understanding of the physical world. Here's a simplified overview:

**Key principles:**

1. **Wave-particle duality**: Quantum objects, like electrons, can exhibit both wave-like and particle-like behavior depending on how they're observed.
2. **Uncertainty principle**: It's impossible to know certain properties of a quantum object, like position and momentum, simultaneously with infinite precision.
3. **Superposition**: Quantum objects can exist in multiple states simultaneously, which is known as a superposition of states.
4. **Entanglement**: Quantum objects can be connected in such a way that the state of one object is dependent on the state of the other, even if they're separated by large distances.
5. **Quantization**: Quantum mechanics introduces a fundamental discreteness in the physical world",13.667412008281573,161,9
2.0,0.0,"2023
Today Date: 24 Oct 2025

user

Can you explain quantum mechanics please?assistant

Quantum mechanics is a branch of physics that studies the behavior of matter and energy at the smallest scales, such as atoms and subatomic particles. It's a complex and fascinating field that has revolutionized our understanding of the physical world. Here's a simplified overview:

**Key principles:**

1. **Wave-particle duality**: Quantum objects, like electrons, can exhibit both wave-like and particle-like behavior depending on how they're observed.
2. **Uncertainty principle**: It's impossible to know certain properties of a quantum object, like position and momentum, simultaneously with infinite precision.
3. **Superposition**: Quantum objects can exist in multiple states simultaneously, which is known as a superposition of states.
4. **Entanglement**: Quantum objects can be connected in such a way that the state of one object is dependent on the state of the other, even if they're separated by large distances.
5. **Quantization**: Quantum mechanics introduces a fundamental discreteness in the physical world",13.667412008281573,161,9
3.0,0.0,"2023
Today Date: 24 Oct 2025

user

Can you explain quantum mechanics please?assistant

Quantum mechanics is a branch of physics that deals with the behavior of matter and energy at the smallest scales, such as atoms and subatomic particles. It's a complex and mind-bending subject, but I'll try to break it down in a way that's easy to understand.

**What is quantum mechanics?**

Quantum mechanics is a way of understanding how the physical world works at the quantum level, where the rules of classical physics no longer apply. At this scale, the behavior of particles and systems is governed by probabilities rather than definite positions and actions. This means that, at the quantum level, the position, momentum, and energy of particles can be uncertain, and the act of measurement can change the behavior of the particle.

**Key principles of quantum mechanics:**

1. **Wave-particle duality**: Quantum objects, such as electrons, can exhibit both wave-like and particle-like behavior depending on how they are observed. This is known as wave-particle duality.
2.",10.76076331360947,169,10
4.0,0.0,"2023
Today Date: 24 Oct 2025

user

Can you explain quantum mechanics please?assistant

Quantum mechanics is a branch of physics that deals with the behavior of matter and energy at the atomic and subatomic level. It's a complex and mind-bending subject, but I'll try to break it down in a way that's easy to understand.

**What is quantum mechanics?**

Quantum mechanics is a way of understanding how the tiny particles that make up everything around us, from atoms and molecules to light and space, behave. At these small scales, the rules of classical physics no longer apply, and strange, probabilistic phenomena start to occur.

**Key principles of quantum mechanics:**

1. **Wave-particle duality**: Quantum objects, such as electrons, can exhibit both wave-like and particle-like behavior depending on how they are observed. This means that they can display both wave-like properties, like diffraction and interference, and particle-like properties, like having a definite position and momentum.
2. **Uncertainty principle**: It's impossible to know certain properties of a quantum",11.226818181818185,165,10
5.0,0.0,"2023
Today Date: 24 Oct 2025

user

Can you explain quantum mechanics please?assistant

Quantum mechanics is a branch of physics that deals with the behavior of matter and energy at the atomic and subatomic level. It's a highly complex and mind-bending subject, so I'll try to break it down in a way that's easy to understand.

**What is quantum mechanics?**

Quantum mechanics is a way of understanding how the tiny particles that make up everything around us, from atoms and molecules to light and space, behave. At this scale, the laws of classical physics, which work so well for big, everyday objects, don't apply. Instead, quantum mechanics introduces new principles that help us understand the strange, probabilistic, and wave-like behavior of particles at the quantum level.

**Key principles of quantum mechanics:**

1. **Wave-particle duality**: Quantum objects, such as electrons, can exhibit both wave-like and particle-like behavior depending on how they're observed. This means that they can display both wave-like diffraction patterns and particle-like particle tracks in",10.787614457831328,166,10
6.0,0.0,"2023
Today Date: 24 Oct 2025

user

Can you explain quantum mechanics please?assistant

Quantum mechanics is a branch of physics that deals with the behavior of matter and energy at the atomic and subatomic level. It's a highly complex and mind-bending subject, so I'll try to break it down in a way that's easy to understand.

**What does quantum mean?**

""Quantum"" refers to the study of the tiny, tiny particles that make up everything around us, including atoms, subatomic particles, light, and space itself. At this scale, the laws of classical physics, which work so well at everyday macroscopic levels, break down, and new, strange, and counterintuitive rules take over.

**Key principles of quantum mechanics:**

1. **Wave-particle duality**: Quantum objects, such as electrons, can exhibit both wave-like and particle-like behavior depending on how they are observed. This means that light, for example, can behave like both waves and particles, depending on what measurement is taken.
2. **Uncertainty principle**:",10.898438818565403,158,9
7.0,0.0,"2023
Today Date: 24 Oct 2025

user

Can you explain quantum mechanics please?assistant

Quantum mechanics, also known as quantum theory, is a branch of physics that deals with the study of the physical laws that govern the behavior of light, radiation, and subatomic particles, such as electrons, protons, and photons. It was developed in the early 20th century, primarily through the work of Max Planck, Albert Einstein, Niels Bohr, Erwin Schrödinger, Werner Heisenberg, and Erwin Schrödinger, among others.

**Key principles of quantum mechanics:**

1.  Wave-particle duality: Quantum objects, such as electrons, can exhibit both wave-like and particle-like behavior depending on how they are observed. For example, light can behave as both waves and particles, depending on the context of the measurement.
2.  Uncertainty principle: It is impossible to measure certain properties, such as position and momentum, simultaneously with infinite precision. The more precisely you measure one, the less precisely you can measure",12.625263157894736,152,8
8.0,0.0,"2023
Today Date: 24 Oct 2025

user

Can you explain quantum mechanics please?assistant

Quantum mechanics, rather than following the traditional way of laying out what it is, I will instead break it up into what it does rather than what it does, since laying out what it does would make this rather long, rather rather rather rather rather rather rather rather rather rather rather rather rather rather rather rather rather rather rather rather rather rather rather rather rather rather rather rather rather rather rather rather rather rather rather rather rather rather rather rather rather rather rather rather rather rather rather rather rather rather rather rather rather rather rather rather rather rather rather rather rather rather rather rather rather rather rather rather rather rather rather rather rather rather rather rather rather rather rather rather rather rather rather rather rather rather rather rather rather rather rather rather rather rather rather rather rather rather rather rather rather rather rather rather rather rather rather rather rather rather rather rather rather rather rather rather rather rather rather rather rather rather rather rather rather rather rather rather rather rather rather rather rather rather rather rather rather rather rather rather rather rather rather rather rather rather rather rather rather rather rather rather rather rather rather",46.924807692307695,208,2
9.0,0.0,"2023
Today Date: 24 Oct 2025

user

Can you explain quantum mechanics please?assistant

Quantum mechanics, rather than following traditional memory, rather rather rather rather rather rather rather rather rather rather rather rather rather rather rather rather rather rather rather rather rather rather rather rather rather rather rather rather rather rather rather rather rather rather rather rather rather rather rather rather rather rather rather rather rather rather rather rather rather rather rather rather rather rather rather rather rather rather rather rather rather rather rather rather rather rather rather rather rather rather rather rather rather rather rather rather rather rather rather rather rather rather rather rather rather rather rather rather rather rather rather rather rather rather rather rather rather rather rather rather rather rather rather rather rather rather rather rather rather rather rather rather rather rather rather rather rather rather rather rather rather rather rather rather rather rather rather rather rather rather rather rather rather rather rather rather rather rather rather rather rather rather rather rather rather rather rather rather rather rather rather rather rather rather rather rather rather rather rather rather rather rather rather rather rather rather rather rather rather rather rather rather rather rather rather rather rather rather rather rather rather rather rather rather rather rather rather rather rather rather",48.96000000000001,210,2
10.0,0.0,"2023
Today Date: 24 Oct 2025

user

Can you explain quantum mechanics please?assistant

Quantediaediaediaediaediaediaediaediaediaediaediaediaediaediaediaediaediaediaediaediaediaediaediaediaediaediaediaediaediaediaediaediaediaediaediaediaediaediaediaediaediaediaediaediaediaediaediaediaediaediaediaediaediaediaediaediaediaediaediaediaediaediaediaediaediaediaediaediaediaediaediaediaediaediaediaediaediaediaediaediaediaediaediaediaediaediaediaediaediaediaediaediaediaediaediaediaediaediaediaediaediaediaediaediaediaediaediaediaediaediaediaediaediaediaediaediaediaediaediaediaediaediaediaediaediaediaediaediaediaediaediaediaediaediaediaediaediaediaediaediaediaediaediaediaediaediaediaediaediaediaediaediaediaediaediaediaediaediaediaediaediaediaediaediaediaediaediaediaediaediaediaediaediaediaediaediaediaediaediaediaediaediaediaediaediaediaediaediaediaediaediaediaediaediaediaediaediaediaedia",343.87,14,1
